0,1553803390102,DOWN
1,1553803390210,UP
2,1553803390234,DOWN
3,1553803390345,UP
4,1553803390346,DOWN
5,1553803390455,UP
6,1553803390480,DOWN
7,1553803390589,UP
8,1553803390598,DOWN
9,1553803390782,UP
10,1553803390782,DOWN
11,1553803390854,UP
12,1553803391137,DOWN
13,1553803391246,UP
14,1553803391310,DOWN
15,1553803391421,UP
16,1553803391428,DOWN
17,1553803391608,UP
18,1553803391643,DOWN
19,1553803391788,UP
20,1553803391923,DOWN
21,1553803392033,UP
22,1553803392095,DOWN
23,1553803392242,UP
24,1553803392555,DOWN
25,1553803392738,UP
26,1553803392861,DOWN
27,1553803393007,UP
28,1553803393055,DOWN
29,1553803393130,UP
30,1553803394006,DOWN
31,1553803394117,UP
32,1553803394166,DOWN
33,1553803394239,DOWN
34,1553803394276,UP
35,1553803394348,UP
36,1553803394364,DOWN
37,1553803394508,UP
38,1553803394707,DOWN
39,1553803394817,UP
40,1553803394899,DOWN
41,1553803394973,UP
42,1553803395058,DOWN
43,1553803395132,UP
44,1553803395168,DOWN
45,1553803395315,UP
46,1553803395779,DOWN
47,1553803395816,UP
48,1553803396061,DOWN
49,1553803396171,UP
50,1553803396189,DOWN
51,1553803396335,UP
52,1553803396336,DOWN
53,1553803396481,UP
54,1553803396512,DOWN
55,1553803396621,UP
56,1553803396622,DOWN
57,1553803396693,UP
58,1553803396808,DOWN
59,1553803396954,UP
60,1553803397152,DOWN
61,1553803397260,UP
62,1553803397408,DOWN
63,1553803397480,UP
64,1553803397602,DOWN
65,1553803397713,UP
66,1553803397715,DOWN
67,1553803397822,UP
68,1553803398239,DOWN
69,1553803398382,UP
70,1553803398930,DOWN
71,1553803399115,UP
72,1553803399447,DOWN
73,1553803399556,UP
74,1553803399640,DOWN
75,1553803399784,UP
76,1553803399817,DOWN
77,1553803399963,UP
78,1553803400125,DOWN
79,1553803400233,UP
80,1553803400678,DOWN
81,1553803400752,UP
82,1553803401359,DOWN
83,1553803401505,UP
84,1553803401600,DOWN
85,1553803401673,UP
86,1553803402146,DOWN
87,1553803402403,DOWN
88,1553803402550,UP
89,1553803402586,UP
90,1553803402808,DOWN
91,1553803402916,UP
92,1553803403887,DOWN
93,1553803404033,UP
94,1553803404143,DOWN
95,1553803404254,UP
96,1553803404406,DOWN
97,1553803404552,UP
98,1553803404626,DOWN
99,1553803404772,UP
100,1553803404866,DOWN
101,1553803405012,UP
102,1553803405148,DOWN
103,1553803405258,DOWN
104,1553803405294,UP
105,1553803405404,UP
106,1553803405433,DOWN
107,1553803405542,UP
108,1553803406061,DOWN
109,1553803406794,DOWN
110,1553803406941,UP
111,1553803406977,UP
112,1553803407164,DOWN
113,1553803407274,UP
114,1553803407452,DOWN
115,1553803407596,UP
116,1553803407633,DOWN
117,1553803407780,UP
118,1553803407891,DOWN
119,1553803408000,DOWN
120,1553803408074,UP
121,1553803408184,UP
122,1553803408185,DOWN
123,1553803408258,UP
124,1553803408419,DOWN
125,1553803408567,UP
126,1553803408587,DOWN
127,1553803408770,UP
128,1553803408800,DOWN
129,1553803408910,DOWN
130,1553803408946,UP
131,1553803409056,UP
132,1553803409058,DOWN
133,1553803409130,UP
134,1553803409558,DOWN
135,1553803409705,UP
136,1553803409706,DOWN
137,1553803409778,UP
138,1553803409834,DOWN
139,1553803409945,UP
140,1553803410004,DOWN
141,1553803410112,UP
142,1553803410215,DOWN
143,1553803410288,DOWN
144,1553803410324,UP
145,1553803410397,UP
146,1553803410445,DOWN
147,1553803410589,UP
148,1553803410610,DOWN
149,1553803410757,DOWN
150,1553803410793,UP
151,1553803410902,UP
152,1553803411145,DOWN
153,1553803411547,DOWN
154,1553803411694,UP
155,1553803411695,UP
156,1553803412024,DOWN
157,1553803412097,UP
158,1553803412254,DOWN
159,1553803412403,UP
160,1553803412990,DOWN
161,1553803413137,UP
162,1553803413146,DOWN
163,1553803413219,DOWN
164,1553803413293,UP
165,1553803413295,DOWN
166,1553803413329,UP
167,1553803413365,UP
168,1553803413442,DOWN
169,1553803413553,UP
170,1553803413564,DOWN
171,1553803413639,DOWN
172,1553803413712,UP
173,1553803413748,UP
174,1553803413832,DOWN
175,1553803413940,UP
176,1553803414039,DOWN
177,1553803414112,DOWN
178,1553803414184,UP
179,1553803414221,UP
180,1553803414841,DOWN
181,1553803414952,DOWN
182,1553803415025,UP
183,1553803415061,UP
184,1553803415093,DOWN
185,1553803415241,DOWN
186,1553803415424,UP
187,1553803415426,UP
188,1553803415654,DOWN
189,1553803415762,UP
190,1553803416064,DOWN
191,1553803416174,UP
192,1553803416225,DOWN
193,1553803416296,UP
194,1553803416417,DOWN
195,1553803416525,UP
196,1553803416544,DOWN
197,1553803416619,DOWN
198,1553803416693,UP
199,1553803416765,UP
200,1553803417473,DOWN
201,1553803417544,UP
202,1553803417669,DOWN
203,1553803417740,UP
204,1553803417858,DOWN
205,1553803417968,UP
206,1553803417985,DOWN
207,1553803418095,UP
208,1553803418133,DOWN
209,1553803418242,UP
210,1553803418255,DOWN
211,1553803418362,UP
212,1553803418416,DOWN
213,1553803418526,UP
214,1553803418681,DOWN
215,1553803418829,UP
216,1553803419219,DOWN
217,1553803419329,UP
218,1553803419659,DOWN
219,1553803419876,DOWN
220,1553803420023,UP
221,1553803420096,UP
222,1553803420382,DOWN
223,1553803420495,UP
224,1553803431132,DOWN
225,1553803431240,DOWN
226,1553803431276,UP
227,1553803431386,DOWN
228,1553803431422,UP
229,1553803431496,UP
230,1553803431579,DOWN
231,1553803431692,UP
232,1553803431707,DOWN
233,1553803431820,UP
234,1553803431821,DOWN
235,1553803431928,UP
236,1553803431933,DOWN
237,1553803431970,DOWN
238,1553803432006,UP
239,1553803432079,UP
240,1553803432198,DOWN
241,1553803432308,UP
242,1553803432322,DOWN
243,1553803432430,UP
244,1553803432501,DOWN
245,1553803432609,UP
246,1553803432651,DOWN
247,1553803432725,DOWN
248,1553803432797,UP
249,1553803432870,UP
250,1553803432891,DOWN
251,1553803433037,UP
252,1553803433150,DOWN
253,1553803433294,UP
254,1553803433382,DOWN
255,1553803433458,DOWN
256,1553803433494,UP
257,1553803433531,UP
258,1553803433634,DOWN
259,1553803433744,UP
260,1553803433746,DOWN
261,1553803433817,DOWN
262,1553803433853,UP
263,1553803433963,UP
264,1553803433965,DOWN
265,1553803434074,UP
266,1553803434076,DOWN
267,1553803434147,UP
268,1553803434182,DOWN
269,1553803434290,UP
270,1553803434292,DOWN
271,1553803434399,UP
272,1553803434403,DOWN
273,1553803434513,UP
274,1553803434518,DOWN
275,1553803434628,UP
276,1553803434645,DOWN
277,1553803434754,UP
278,1553803434756,DOWN
279,1553803434865,UP
280,1553803434867,DOWN
281,1553803434975,DOWN
282,1553803435012,UP
283,1553803435121,UP
284,1553803435236,DOWN
285,1553803435346,UP
286,1553803435763,DOWN
287,1553803435835,UP
288,1553803435943,DOWN
289,1553803436051,UP
290,1553803436063,DOWN
291,1553803436176,UP
292,1553803436178,DOWN
293,1553803436285,UP
294,1553803436287,DOWN
295,1553803436394,UP
296,1553803437006,DOWN
297,1553803437115,UP
298,1553803437164,DOWN
299,1553803437274,UP
300,1553803437389,DOWN
301,1553803437498,UP
302,1553803437503,DOWN
303,1553803437649,UP
304,1553803438022,DOWN
305,1553803438131,UP
306,1553803438235,DOWN
307,1553803438344,UP
308,1553803438346,DOWN
309,1553803438454,DOWN
310,1553803438529,UP
311,1553803438530,DOWN
312,1553803438600,UP
313,1553803438709,UP
314,1553803439263,DOWN
315,1553803439551,DOWN
316,1553803439702,UP
317,1553803439995,UP
0,1553891008486,DOWN
1,1553891008629,DOWN
2,1553891008703,UP
3,1553891008739,DOWN
4,1553891008776,UP
5,1553891008812,UP
6,1553891008904,DOWN
7,1553891009013,UP
8,1553891009015,DOWN
9,1553891009122,DOWN
10,1553891009159,UP
11,1553891009234,UP
12,1553891009439,DOWN
13,1553891009579,UP
14,1553891009920,DOWN
15,1553891010064,DOWN
16,1553891010138,UP
17,1553891010174,UP
18,1553891010197,DOWN
19,1553891010379,UP
20,1553891010386,DOWN
21,1553891010533,DOWN
22,1553891010644,UP
23,1553891010680,UP
24,1553891011237,DOWN
25,1553891011308,UP
26,1553891011417,DOWN
27,1553891011491,UP
28,1553891011579,DOWN
29,1553891011687,UP
30,1553891011825,DOWN
31,1553891011899,UP
32,1553891011923,DOWN
33,1553891012108,UP
34,1553891012108,DOWN
35,1553891012180,UP
36,1553891012191,DOWN
37,1553891012336,UP
38,1553891012337,DOWN
39,1553891012517,UP
40,1553891013089,DOWN
41,1553891013195,UP
42,1553891013262,DOWN
43,1553891013372,UP
44,1553891013373,DOWN
45,1553891013519,UP
46,1553891013519,DOWN
47,1553891013594,UP
48,1553891013779,DOWN
49,1553891013888,UP
50,1553891013964,DOWN
51,1553891014072,UP
52,1553891014258,DOWN
53,1553891014366,UP
54,1553891014392,DOWN
55,1553891014538,UP
56,1553891014539,DOWN
57,1553891014611,UP
58,1553891014632,DOWN
59,1553891014742,UP
60,1553891014743,DOWN
61,1553891014852,UP
62,1553891014852,DOWN
63,1553891014962,DOWN
64,1553891014998,UP
65,1553891015035,DOWN
66,1553891015108,UP
67,1553891015144,UP
68,1553891015151,DOWN
69,1553891015263,DOWN
70,1553891015299,UP
71,1553891015336,DOWN
72,1553891015410,UP
73,1553891015483,UP
74,1553891016177,DOWN
75,1553891016287,UP
76,1553891016925,DOWN
77,1553891017001,DOWN
78,1553891017037,UP
79,1553891017111,DOWN
80,1553891017184,UP
81,1553891017257,UP
82,1553891017373,DOWN
83,1553891017555,UP
84,1553891017650,DOWN
85,1553891017759,UP
86,1553891017832,DOWN
87,1553891017906,DOWN
88,1553891017942,UP
89,1553891017979,UP
90,1553891017980,DOWN
91,1553891018126,UP
92,1553891018127,DOWN
93,1553891018236,UP
94,1553891018303,DOWN
95,1553891018412,UP
96,1553891018413,DOWN
97,1553891018484,UP
98,1553891018505,DOWN
99,1553891018617,UP
100,1553891018618,DOWN
101,1553891018726,UP
102,1553891018754,DOWN
103,1553891018827,UP
104,1553891018892,DOWN
105,1553891018966,UP
106,1553891019072,DOWN
107,1553891019182,UP
108,1553891019183,DOWN
109,1553891019292,DOWN
110,1553891019329,UP
111,1553891019366,UP
112,1553891019386,DOWN
113,1553891019533,UP
114,1553891019534,DOWN
115,1553891019642,UP
116,1553891019665,DOWN
117,1553891019810,DOWN
118,1553891019846,UP
119,1553891019957,UP
120,1553891020602,DOWN
121,1553891020675,UP
122,1553891020680,DOWN
123,1553891020825,UP
124,1553891020847,DOWN
125,1553891020956,UP
126,1553891021426,DOWN
127,1553891021574,UP
128,1553891021599,DOWN
129,1553891021743,UP
130,1553891021777,DOWN
131,1553891021923,UP
132,1553891022490,DOWN
133,1553891022599,UP
134,1553891022786,DOWN
135,1553891022934,UP
136,1553891023239,DOWN
137,1553891023386,UP
138,1553891023556,DOWN
139,1553891023701,UP
140,1553891023702,DOWN
141,1553891023774,DOWN
142,1553891023810,UP
143,1553891023884,UP
144,1553891023963,DOWN
145,1553891024072,DOWN
146,1553891024109,DOWN
147,1553891024145,UP
148,1553891024181,UP
149,1553891024218,UP
150,1553891024313,DOWN
151,1553891024533,UP
152,1553891025030,DOWN
153,1553891025177,UP
154,1553891025780,DOWN
155,1553891025890,UP
156,1553891025891,DOWN
157,1553891026005,UP
158,1553891026026,DOWN
159,1553891026135,DOWN
160,1553891026172,UP
161,1553891026281,UP
162,1553891026309,DOWN
163,1553891026453,UP
164,1553891026590,DOWN
165,1553891026698,DOWN
166,1553891026735,UP
167,1553891026845,UP
168,1553891026845,DOWN
169,1553891026955,UP
170,1553891027022,DOWN
171,1553891027094,DOWN
172,1553891027167,UP
173,1553891027168,UP
174,1553891027291,DOWN
175,1553891027400,UP
176,1553891027449,DOWN
177,1553891027595,DOWN
178,1553891027632,UP
179,1553891027669,UP
180,1553891027810,DOWN
181,1553891027921,UP
182,1553891028034,DOWN
183,1553891028142,UP
184,1553891028436,DOWN
185,1553891028508,UP
186,1553891028742,DOWN
187,1553891028889,DOWN
188,1553891028925,UP
189,1553891028961,UP
190,1553891029016,DOWN
191,1553891029199,UP
192,1553891029284,DOWN
193,1553891029430,UP
194,1553891029516,DOWN
195,1553891029627,UP
196,1553891029628,DOWN
197,1553891029775,UP
198,1553891029776,DOWN
199,1553891029884,UP
200,1553891029885,DOWN
201,1553891029994,DOWN
202,1553891030030,UP
203,1553891030067,UP
204,1553891030130,DOWN
205,1553891030201,DOWN
206,1553891030239,UP
207,1553891030311,UP
208,1553891030313,DOWN
209,1553891030458,UP
210,1553891030533,DOWN
211,1553891030642,UP
212,1553891030654,DOWN
213,1553891030765,DOWN
214,1553891030801,UP
215,1553891030913,UP
216,1553891030914,DOWN
217,1553891031022,UP
218,1553891031404,DOWN
219,1553891031552,DOWN
220,1553891031588,UP
221,1553891031662,UP
222,1553891031769,DOWN
223,1553891031988,UP
224,1553891032036,DOWN
225,1553891032184,UP
226,1553891032185,DOWN
227,1553891032257,DOWN
228,1553891032293,UP
229,1553891032408,UP
230,1553891032439,DOWN
231,1553891032514,UP
232,1553891032588,DOWN
233,1553891032697,UP
234,1553891032699,DOWN
235,1553891032771,UP
236,1553891033268,DOWN
237,1553891033415,UP
238,1553891033416,DOWN
239,1553891033526,DOWN
240,1553891033563,UP
241,1553891033672,UP
242,1553891033821,DOWN
243,1553891033930,UP
244,1553891033931,DOWN
245,1553891034042,UP
246,1553891034044,DOWN
247,1553891034076,DOWN
248,1553891034149,UP
249,1553891034222,UP
250,1553891034290,DOWN
251,1553891034404,DOWN
252,1553891034439,UP
253,1553891034513,UP
254,1553891034514,DOWN
255,1553891034659,UP
256,1553891034660,DOWN
257,1553891034769,DOWN
258,1553891034843,UP
259,1553891034915,UP
260,1553891035015,DOWN
261,1553891035124,UP
262,1553891035218,DOWN
263,1553891035328,DOWN
264,1553891035365,UP
265,1553891035475,UP
266,1553891035481,DOWN
267,1553891035593,DOWN
268,1553891035667,UP
269,1553891035740,UP
270,1553891035757,DOWN
271,1553891035903,UP
272,1553891035981,DOWN
273,1553891036089,DOWN
274,1553891036164,UP
275,1553891036165,DOWN
276,1553891036274,UP
277,1553891036311,UP
278,1553891036313,DOWN
279,1553891036421,UP
280,1553891036452,DOWN
281,1553891036596,UP
282,1553891036642,DOWN
283,1553891036788,DOWN
284,1553891036861,UP
285,1553891036935,UP
286,1553891036969,DOWN
287,1553891037114,UP
288,1553891037214,DOWN
289,1553891037322,DOWN
290,1553891037396,UP
291,1553891037469,UP
292,1553891037644,DOWN
293,1553891037717,DOWN
294,1553891037828,UP
295,1553891037864,UP
296,1553891037866,DOWN
297,1553891038011,UP
298,1553891038056,DOWN
299,1553891038240,UP
300,1553891038242,DOWN
301,1553891038277,DOWN
302,1553891038386,UP
303,1553891038388,UP
304,1553891038425,DOWN
305,1553891038534,DOWN
306,1553891038570,UP
307,1553891038680,UP
308,1553891038682,DOWN
309,1553891038754,UP
310,1553891039002,DOWN
311,1553891039149,UP
312,1553891039528,DOWN
313,1553891039639,UP
314,1553891039715,DOWN
315,1553891039827,UP
316,1553891039828,DOWN
317,1553891039936,UP
318,1553891039944,DOWN
319,1553891040054,UP
320,1553891040309,DOWN
321,1553891040417,DOWN
322,1553891040454,UP
323,1553891040491,DOWN
324,1553891040601,UP
325,1553891040637,UP
326,1553891040810,DOWN
327,1553891040919,UP
328,1553891041010,DOWN
329,1553891041119,DOWN
330,1553891041156,UP
331,1553891041229,DOWN
332,1553891041266,UP
333,1553891041339,UP
334,1553891041462,DOWN
335,1553891041573,UP
336,1553891041575,DOWN
337,1553891041681,UP
338,1553891041784,DOWN
339,1553891041894,UP
340,1553891042487,DOWN
341,1553891042669,UP
342,1553891043052,DOWN
343,1553891043162,UP
344,1553891043226,DOWN
345,1553891043411,UP
346,1553891043426,DOWN
347,1553891043532,UP
348,1553891043590,DOWN
349,1553891043700,UP
350,1553891043952,DOWN
351,1553891044059,UP
352,1553891044182,DOWN
353,1553891044329,DOWN
354,1553891044372,UP
355,1553891044443,UP
356,1553891044677,DOWN
357,1553891044822,UP
358,1553891044826,DOWN
359,1553891044936,DOWN
360,1553891045011,UP
361,1553891045046,UP
362,1553891045166,DOWN
363,1553891045275,UP
364,1553891045610,DOWN
365,1553891045756,UP
366,1553891045794,DOWN
367,1553891045940,UP
368,1553891045941,DOWN
369,1553891046049,UP
370,1553891046201,DOWN
371,1553891046347,UP
372,1553891046392,DOWN
373,1553891046540,UP
374,1553891046542,DOWN
375,1553891046612,DOWN
376,1553891046649,UP
377,1553891046722,UP
378,1553891046888,DOWN
379,1553891047033,UP
380,1553891047035,DOWN
381,1553891047142,UP
382,1553891047307,DOWN
383,1553891047416,UP
384,1553891047441,DOWN
385,1553891047551,DOWN
386,1553891047587,UP
387,1553891047660,DOWN
388,1553891047734,UP
389,1553891047770,DOWN
390,1553891047807,UP
391,1553891047844,UP
392,1553891047939,DOWN
393,1553891048048,DOWN
394,1553891048123,UP
395,1553891048124,DOWN
396,1553891048195,UP
397,1553891048196,DOWN
398,1553891048305,UP
399,1553891048308,UP
400,1553891048310,DOWN
401,1553891048415,UP
402,1553891048417,DOWN
403,1553891048525,UP
404,1553891048604,DOWN
405,1553891048713,UP
406,1553891048714,DOWN
407,1553891048785,UP
408,1553891048841,DOWN
409,1553891048950,DOWN
410,1553891048985,UP
411,1553891049059,UP
412,1553891049082,DOWN
413,1553891049194,UP
414,1553891049196,DOWN
415,1553891049267,UP
416,1553891049311,DOWN
417,1553891049386,DOWN
418,1553891049459,UP
419,1553891049495,DOWN
420,1553891049533,UP
421,1553891049642,UP
422,1553891049674,DOWN
423,1553891049785,DOWN
424,1553891049896,UP
425,1553891049932,UP
426,1553891049945,DOWN
427,1553891050091,DOWN
428,1553891050127,UP
429,1553891050200,DOWN
430,1553891050311,UP
431,1553891050384,UP
432,1553891050445,DOWN
433,1553891050592,UP
434,1553891050753,DOWN
435,1553891050825,UP
436,1553891050910,DOWN
437,1553891050983,UP
438,1553891051134,DOWN
439,1553891051282,UP
440,1553891051664,DOWN
441,1553891051844,DOWN
442,1553891051918,UP
443,1553891051954,UP
444,1553891052564,DOWN
445,1553891052709,UP
446,1553891052945,DOWN
447,1553891053057,UP
448,1553891053058,DOWN
449,1553891053166,UP
450,1553891053194,DOWN
451,1553891053267,UP
452,1553891053295,DOWN
453,1553891053410,UP
454,1553891053424,DOWN
455,1553891053496,DOWN
456,1553891053533,UP
457,1553891053643,DOWN
458,1553891053754,DOWN
459,1553891053790,UP
460,1553891053792,UP
461,1553891053863,UP
462,1553891053873,DOWN
463,1553891054018,UP
464,1553891054020,DOWN
465,1553891054165,UP
466,1553891054310,DOWN
467,1553891054417,UP
468,1553891054496,DOWN
469,1553891054568,DOWN
470,1553891054605,UP
471,1553891054678,UP
472,1553891054706,DOWN
473,1553891054780,UP
474,1553891054833,DOWN
475,1553891054980,UP
476,1553891055001,DOWN
477,1553891055147,UP
478,1553891055293,DOWN
479,1553891055367,UP
480,1553891055499,DOWN
481,1553891055609,DOWN
482,1553891055719,UP
483,1553891055755,UP
484,1553891055757,DOWN
485,1553891055828,UP
486,1553891056149,DOWN
487,1553891056293,UP
488,1553891056299,DOWN
489,1553891056408,UP
490,1553891056410,DOWN
491,1553891056517,UP
492,1553891056593,DOWN
493,1553891056701,DOWN
494,1553891056737,UP
495,1553891056847,UP
496,1553891056895,DOWN
497,1553891057040,UP
498,1553891057042,DOWN
499,1553891057150,UP
500,1553891057197,DOWN
501,1553891057344,UP
502,1553891057494,DOWN
503,1553891057639,UP
504,1553891057706,DOWN
505,1553891057818,DOWN
506,1553891057855,UP
507,1553891057928,UP
508,1553891057930,DOWN
509,1553891058039,UP
510,1553891058041,DOWN
511,1553891058186,UP
512,1553891058190,DOWN
513,1553891058336,UP
514,1553891058415,DOWN
515,1553891058524,UP
516,1553891058555,DOWN
517,1553891058663,DOWN
518,1553891058699,UP
519,1553891058811,UP
520,1553891058813,DOWN
521,1553891058956,DOWN
522,1553891059103,UP
523,1553891059140,UP
524,1553891059142,DOWN
525,1553891059287,UP
526,1553891059289,DOWN
527,1553891059396,UP
528,1553891059597,DOWN
529,1553891059780,UP
530,1553891059872,DOWN
531,1553891060016,UP
532,1553891060145,DOWN
533,1553891060253,DOWN
534,1553891060289,UP
535,1553891060399,UP
536,1553891060422,DOWN
537,1553891060529,UP
538,1553891060542,DOWN
539,1553891060690,UP
540,1553891060692,DOWN
541,1553891060762,UP
542,1553891060815,DOWN
543,1553891060925,DOWN
544,1553891060962,UP
545,1553891060999,UP
546,1553891061072,DOWN
547,1553891061182,UP
548,1553891061280,DOWN
549,1553891061464,UP
550,1553891061468,DOWN
551,1553891061615,UP
552,1553891061617,DOWN
553,1553891061761,UP
554,1553891062113,DOWN
555,1553891062259,UP
556,1553891062810,DOWN
557,1553891062920,DOWN
558,1553891062957,UP
559,1553891063030,DOWN
560,1553891063103,UP
561,1553891063176,UP
562,1553891063264,DOWN
563,1553891063408,UP
564,1553891063839,DOWN
565,1553891063948,UP
566,1553891063950,DOWN
567,1553891064057,UP
568,1553891064068,DOWN
569,1553891064212,UP
570,1553891064676,DOWN
571,1553891064824,UP
572,1553891064827,DOWN
573,1553891064898,DOWN
574,1553891064970,UP
575,1553891065008,DOWN
576,1553891065044,UP
577,1553891065154,UP
578,1553891065510,DOWN
579,1553891065660,DOWN
580,1553891065733,UP
581,1553891065843,UP
582,1553891065871,DOWN
583,1553891065982,UP
584,1553891066111,DOWN
585,1553891066259,UP
586,1553891066587,DOWN
587,1553891066733,UP
588,1553891066805,DOWN
589,1553891066952,UP
590,1553891067196,DOWN
591,1553891067302,UP
592,1553891067507,DOWN
593,1553891067654,UP
594,1553891068132,DOWN
595,1553891068282,DOWN
596,1553891068318,UP
597,1553891068429,UP
598,1553891068784,DOWN
599,1553891068967,UP
600,1553891069832,DOWN
601,1553891069978,UP
602,1553891070297,DOWN
603,1553891070447,UP
604,1553891070449,DOWN
605,1553891070590,UP
606,1553891070878,DOWN
607,1553891071056,UP
608,1553891071219,DOWN
609,1553891071328,UP
610,1553891071412,DOWN
611,1553891071556,UP
612,1553891071643,DOWN
613,1553891071752,UP
614,1553891071771,DOWN
615,1553891071915,DOWN
616,1553891071952,UP
617,1553891072025,UP
618,1553891072093,DOWN
619,1553891072241,UP
620,1553891072310,DOWN
621,1553891072490,DOWN
622,1553891072601,UP
623,1553891072637,UP
624,1553891072874,DOWN
625,1553891072947,UP
626,1553891073325,DOWN
627,1553891073437,UP
628,1553891073644,DOWN
629,1553891073755,UP
630,1553891073802,DOWN
631,1553891073910,DOWN
632,1553891073946,UP
633,1553891074019,UP
634,1553891074147,DOWN
635,1553891074297,DOWN
636,1553891074370,UP
637,1553891074407,UP
638,1553891075037,DOWN
639,1553891075145,UP
640,1553891075229,DOWN
641,1553891075411,UP
642,1553891075768,DOWN
643,1553891075949,UP
644,1553891076096,DOWN
645,1553891076279,UP
646,1553891076937,DOWN
647,1553891077046,UP
648,1553891077064,DOWN
649,1553891077171,UP
650,1553891077340,DOWN
651,1553891077449,UP
652,1553891077464,DOWN
653,1553891077572,UP
654,1553891077582,DOWN
655,1553891077690,UP
656,1553891077715,DOWN
657,1553891077862,UP
658,1553891078245,DOWN
659,1553891078319,DOWN
660,1553891078355,UP
661,1553891078464,DOWN
662,1553891078501,UP
663,1553891078685,UP
664,1553891078724,DOWN
665,1553891078835,UP
666,1553891078884,DOWN
667,1553891079065,UP
668,1553891079069,DOWN
669,1553891079174,UP
670,1553891079381,DOWN
671,1553891079488,UP
672,1553891079595,DOWN
673,1553891079704,UP
674,1553891079783,DOWN
675,1553891079892,UP
676,1553891079895,DOWN
677,1553891080039,UP
678,1553891080042,DOWN
679,1553891080112,UP
680,1553891080183,DOWN
681,1553891080328,UP
682,1553891080433,DOWN
683,1553891080540,UP
684,1553891080549,DOWN
685,1553891080734,UP
686,1553891080896,DOWN
687,1553891081005,DOWN
688,1553891081077,UP
689,1553891081115,DOWN
690,1553891081189,UP
691,1553891081228,UP
692,1553891081367,DOWN
693,1553891081400,UP
694,1553891081510,DOWN
695,1553891081622,DOWN
696,1553891081732,UP
697,1553891081767,UP
698,1553891081882,DOWN
699,1553891082028,UP
700,1553891082143,DOWN
701,1553891082216,UP
702,1553891082360,DOWN
703,1553891082469,UP
704,1553891082577,DOWN
705,1553891082685,UP
706,1553891082728,DOWN
707,1553891082836,UP
708,1553891082924,DOWN
709,1553891082995,UP
710,1553891083109,DOWN
711,1553891083227,UP
712,1553891083230,DOWN
713,1553891083334,UP
714,1553891083397,DOWN
715,1553891083505,UP
0,1553891096716,DOWN
1,1553891096896,DOWN
2,1553891096970,UP
3,1553891097041,UP
4,1553891097042,DOWN
5,1553891097116,UP
6,1553891097149,DOWN
7,1553891097296,UP
8,1553891097298,DOWN
9,1553891097443,DOWN
10,1553891097517,UP
11,1553891097518,UP
12,1553891097666,DOWN
13,1553891097773,UP
14,1553891098036,DOWN
15,1553891098144,UP
16,1553891098489,DOWN
17,1553891098638,UP
18,1553891098639,DOWN
19,1553891098747,UP
20,1553891098811,DOWN
21,1553891098956,UP
22,1553891099017,DOWN
23,1553891099127,DOWN
24,1553891099200,UP
25,1553891099273,UP
26,1553891099289,DOWN
27,1553891099400,UP
28,1553891099558,DOWN
29,1553891099701,UP
30,1553891099794,DOWN
31,1553891099905,UP
32,1553891099972,DOWN
33,1553891100079,UP
34,1553891100135,DOWN
35,1553891100207,UP
36,1553891100358,DOWN
37,1553891100432,UP
38,1553891100433,DOWN
39,1553891100542,UP
40,1553891100543,DOWN
41,1553891100652,UP
42,1553891100704,DOWN
43,1553891100847,UP
44,1553891101168,DOWN
45,1553891101349,UP
46,1553891101644,DOWN
47,1553891101753,UP
48,1553891101836,DOWN
49,1553891101945,UP
50,1553891101974,DOWN
51,1553891102157,UP
52,1553891102159,DOWN
53,1553891102267,UP
54,1553891102443,DOWN
55,1553891102517,UP
56,1553891102621,DOWN
57,1553891102732,UP
58,1553891102893,DOWN
59,1553891103038,UP
60,1553891103145,DOWN
61,1553891103250,DOWN
62,1553891103288,UP
63,1553891103323,UP
64,1553891103331,DOWN
65,1553891103479,UP
66,1553891103480,DOWN
67,1553891103587,UP
68,1553891103587,DOWN
69,1553891103697,UP
70,1553891103698,DOWN
71,1553891103771,DOWN
72,1553891103883,UP
73,1553891103884,UP
74,1553891103886,DOWN
75,1553891103992,UP
76,1553891104038,DOWN
77,1553891104220,DOWN
78,1553891104257,UP
79,1553891104331,UP
80,1553891104368,DOWN
81,1553891104477,UP
82,1553891104625,DOWN
83,1553891104734,UP
84,1553891104809,DOWN
85,1553891104881,DOWN
86,1553891104954,UP
87,1553891104991,DOWN
88,1553891105028,UP
89,1553891105138,UP
90,1553891105153,DOWN
91,1553891105260,UP
92,1553891105325,DOWN
93,1553891105435,UP
94,1553891105463,DOWN
95,1553891105612,UP
96,1553891105612,DOWN
97,1553891105684,UP
98,1553891105712,DOWN
99,1553891105861,UP
100,1553891105862,DOWN
101,1553891105970,UP
102,1553891106010,DOWN
103,1553891106084,UP
104,1553891106176,DOWN
105,1553891106284,UP
106,1553891106412,DOWN
107,1553891106521,DOWN
108,1553891106594,UP
109,1553891106595,UP
110,1553891106645,DOWN
111,1553891106753,UP
112,1553891106754,DOWN
113,1553891106863,UP
114,1553891106885,DOWN
115,1553891107030,UP
116,1553891107032,DOWN
117,1553891107177,UP
118,1553891107340,DOWN
119,1553891107450,UP
120,1553891107504,DOWN
121,1553891107650,UP
122,1553891107998,DOWN
123,1553891108107,UP
124,1553891108166,DOWN
125,1553891108238,UP
126,1553891108403,DOWN
127,1553891108511,UP
128,1553891108512,DOWN
129,1553891108624,UP
130,1553891108637,DOWN
131,1553891108784,UP
132,1553891109016,DOWN
133,1553891109163,UP
134,1553891109332,DOWN
135,1553891109514,UP
136,1553891109550,DOWN
137,1553891109661,UP
138,1553891109767,DOWN
139,1553891109877,UP
140,1553891110112,DOWN
141,1553891110295,UP
142,1553891110391,DOWN
143,1553891110501,UP
144,1553891110619,DOWN
145,1553891110730,UP
146,1553891110740,DOWN
147,1553891110882,DOWN
148,1553891110919,UP
149,1553891110955,UP
150,1553891111075,DOWN
151,1553891111186,DOWN
152,1553891111260,UP
153,1553891111261,DOWN
154,1553891111296,UP
155,1553891111405,UP
156,1553891111509,DOWN
157,1553891111581,UP
158,1553891111900,DOWN
159,1553891112046,UP
160,1553891112123,DOWN
161,1553891112270,UP
162,1553891112404,DOWN
163,1553891112479,UP
164,1553891112596,DOWN
165,1553891112703,UP
166,1553891112711,DOWN
167,1553891112858,UP
168,1553891112859,DOWN
169,1553891113007,UP
170,1553891113408,DOWN
171,1553891113520,UP
172,1553891113521,DOWN
173,1553891113668,UP
174,1553891113672,DOWN
175,1553891113780,UP
176,1553891113927,DOWN
177,1553891114111,UP
178,1553891114447,DOWN
179,1553891114554,UP
180,1553891114655,DOWN
181,1553891114763,UP
182,1553891114764,DOWN
183,1553891114836,UP
184,1553891115079,DOWN
185,1553891115223,UP
186,1553891115263,DOWN
187,1553891115334,DOWN
188,1553891115408,UP
189,1553891115444,UP
190,1553891115533,DOWN
191,1553891115644,UP
192,1553891115794,DOWN
193,1553891115940,UP
194,1553891115958,DOWN
195,1553891116032,UP
196,1553891116324,DOWN
197,1553891116471,UP
198,1553891116600,DOWN
199,1553891116744,UP
200,1553891117253,DOWN
201,1553891117438,UP
202,1553891117483,DOWN
203,1553891117667,UP
204,1553891117669,DOWN
205,1553891117777,UP
206,1553891117778,DOWN
207,1553891117887,DOWN
208,1553891117923,UP
209,1553891117996,UP
210,1553891118070,DOWN
211,1553891118179,UP
212,1553891118179,DOWN
213,1553891118327,UP
214,1553891118328,DOWN
215,1553891118436,UP
216,1553891118460,DOWN
217,1553891118568,UP
218,1553891118579,DOWN
219,1553891118727,UP
220,1553891118728,DOWN
221,1553891118836,UP
222,1553891118901,DOWN
223,1553891119049,UP
224,1553891119061,DOWN
225,1553891119244,UP
226,1553891119274,DOWN
227,1553891119420,UP
228,1553891119536,DOWN
229,1553891119681,UP
230,1553891119718,DOWN
231,1553891119864,UP
232,1553891119865,DOWN
233,1553891119974,DOWN
234,1553891120011,UP
235,1553891120126,UP
236,1553891120376,DOWN
237,1553891120484,UP
238,1553891120558,DOWN
239,1553891120705,UP
240,1553891120850,DOWN
241,1553891120994,UP
242,1553891121266,DOWN
243,1553891121410,DOWN
244,1553891121447,UP
245,1553891121520,DOWN
246,1553891121593,UP
247,1553891121630,UP
248,1553891121631,DOWN
249,1553891121667,UP
250,1553891121728,DOWN
251,1553891121797,DOWN
252,1553891121871,UP
253,1553891121872,UP
254,1553891121875,DOWN
255,1553891122022,UP
256,1553891122109,DOWN
257,1553891122218,UP
258,1553891122730,DOWN
259,1553891122800,DOWN
260,1553891122911,UP
261,1553891122948,UP
262,1553891122963,DOWN
263,1553891123078,DOWN
264,1553891123185,UP
265,1553891123186,DOWN
266,1553891123220,UP
267,1553891123331,UP
268,1553891123424,DOWN
269,1553891123531,DOWN
270,1553891123567,UP
271,1553891123678,UP
272,1553891123679,DOWN
273,1553891123825,DOWN
274,1553891123898,UP
275,1553891123934,UP
276,1553891123958,DOWN
277,1553891124101,UP
278,1553891124174,DOWN
279,1553891124282,DOWN
280,1553891124355,UP
281,1553891124357,DOWN
282,1553891124465,UP
283,1553891124501,UP
284,1553891124660,DOWN
285,1553891124770,UP
286,1553891124840,DOWN
287,1553891124950,UP
288,1553891124960,DOWN
289,1553891125109,DOWN
290,1553891125146,UP
291,1553891125256,UP
292,1553891125812,DOWN
293,1553891125957,DOWN
294,1553891125994,UP
295,1553891126106,UP
296,1553891126394,DOWN
297,1553891126466,UP
298,1553891126554,DOWN
299,1553891126626,UP
300,1553891126859,DOWN
301,1553891126931,UP
302,1553891127094,DOWN
303,1553891127205,DOWN
304,1553891127241,UP
305,1553891127388,UP
306,1553891127389,DOWN
307,1553891127499,DOWN
308,1553891127570,UP
309,1553891127642,DOWN
310,1553891127680,UP
311,1553891127792,UP
312,1553891128377,DOWN
313,1553891128522,DOWN
314,1553891128559,DOWN
315,1553891128596,UP
316,1553891128669,UP
317,1553891128670,DOWN
318,1553891128742,UP
319,1553891128779,UP
320,1553891128781,DOWN
321,1553891128890,UP
322,1553891128891,DOWN
323,1553891128999,UP
324,1553891129083,DOWN
325,1553891129155,DOWN
326,1553891129192,UP
327,1553891129301,UP
328,1553891129302,DOWN
329,1553891129411,DOWN
330,1553891129522,UP
331,1553891129558,UP
332,1553891129618,DOWN
333,1553891129762,UP
334,1553891129845,DOWN
335,1553891129954,DOWN
336,1553891130065,UP
337,1553891130067,DOWN
338,1553891130100,UP
339,1553891130210,UP
340,1553891130328,DOWN
341,1553891130475,UP
342,1553891130764,DOWN
343,1553891130944,UP
344,1553891130946,DOWN
345,1553891131091,UP
346,1553891131346,DOWN
347,1553891131454,UP
348,1553891131806,DOWN
349,1553891131877,UP
350,1553891131882,DOWN
351,1553891132028,UP
352,1553891132082,DOWN
353,1553891132191,UP
354,1553891132246,DOWN
355,1553891132355,UP
356,1553891132781,DOWN
357,1553891132854,UP
358,1553891133150,DOWN
359,1553891133297,DOWN
360,1553891133334,UP
361,1553891133443,UP
362,1553891133843,DOWN
363,1553891133954,UP
364,1553891133956,DOWN
365,1553891134064,DOWN
366,1553891134101,UP
367,1553891134211,UP
368,1553891134212,DOWN
369,1553891134357,UP
370,1553891134583,DOWN
371,1553891134726,UP
372,1553891134771,DOWN
373,1553891134914,UP
374,1553891134915,DOWN
375,1553891135026,UP
376,1553891135134,DOWN
377,1553891135317,UP
378,1553891135318,DOWN
379,1553891135426,UP
380,1553891135439,DOWN
381,1553891135584,UP
382,1553891135608,DOWN
383,1553891135683,DOWN
384,1553891135793,UP
385,1553891135794,UP
386,1553891135916,DOWN
387,1553891136060,UP
388,1553891136062,DOWN
389,1553891136208,UP
390,1553891136311,DOWN
391,1553891136421,UP
392,1553891136456,DOWN
393,1553891136571,UP
394,1553891136572,DOWN
395,1553891136674,DOWN
396,1553891136748,UP
397,1553891136751,DOWN
398,1553891136784,UP
399,1553891136820,UP
400,1553891136860,DOWN
401,1553891136972,DOWN
402,1553891137009,DOWN
403,1553891137046,UP
404,1553891137047,DOWN
405,1553891137081,UP
406,1553891137119,UP
407,1553891137154,UP
408,1553891137181,DOWN
409,1553891137289,UP
410,1553891137291,DOWN
411,1553891137363,UP
412,1553891137430,DOWN
413,1553891137574,UP
414,1553891137635,DOWN
415,1553891137709,UP
416,1553891137789,DOWN
417,1553891137827,DOWN
418,1553891137864,UP
419,1553891137937,UP
420,1553891137963,DOWN
421,1553891138074,UP
422,1553891138075,DOWN
423,1553891138149,UP
424,1553891138210,DOWN
425,1553891138281,DOWN
426,1553891138317,UP
427,1553891138427,UP
428,1553891138440,DOWN
429,1553891138513,DOWN
430,1553891138549,UP
431,1553891138623,UP
432,1553891138642,DOWN
433,1553891138750,DOWN
434,1553891138786,UP
435,1553891138822,DOWN
436,1553891138897,UP
437,1553891138933,UP
438,1553891139093,DOWN
439,1553891139202,DOWN
440,1553891139276,UP
441,1553891139312,UP
442,1553891139314,DOWN
443,1553891139424,UP
444,1553891139426,DOWN
445,1553891139533,DOWN
446,1553891139569,UP
447,1553891139679,UP
448,1553891139758,DOWN
449,1553891139940,UP
450,1553891140042,DOWN
451,1553891140174,UP
452,1553891140196,DOWN
453,1553891140340,UP
454,1553891140349,DOWN
455,1553891140533,UP
456,1553891140535,DOWN
457,1553891140715,DOWN
458,1553891140826,UP
459,1553891140828,UP
460,1553891141059,DOWN
461,1553891141167,UP
462,1553891141295,DOWN
463,1553891141405,DOWN
464,1553891141440,UP
465,1553891141514,UP
466,1553891141516,DOWN
467,1553891141624,UP
468,1553891141626,DOWN
469,1553891141698,DOWN
470,1553891141772,UP
471,1553891141807,UP
472,1553891141826,DOWN
473,1553891142012,DOWN
474,1553891142086,DOWN
475,1553891142122,UP
476,1553891142124,UP
477,1553891142230,UP
478,1553891142231,DOWN
479,1553891142304,DOWN
480,1553891142342,UP
481,1553891142488,UP
482,1553891142496,DOWN
483,1553891142644,UP
484,1553891142726,DOWN
485,1553891142872,UP
486,1553891142874,DOWN
487,1553891142945,DOWN
488,1553891142983,UP
489,1553891143055,UP
490,1553891143074,DOWN
491,1553891143223,UP
492,1553891143224,DOWN
493,1553891143336,UP
494,1553891143401,DOWN
495,1553891143548,UP
496,1553891143752,DOWN
497,1553891143900,UP
498,1553891143909,DOWN
499,1553891144054,DOWN
500,1553891144091,UP
501,1553891144127,DOWN
502,1553891144201,UP
503,1553891144203,DOWN
504,1553891144275,UP
505,1553891144347,UP
506,1553891144437,DOWN
507,1553891144621,UP
508,1553891144624,DOWN
509,1553891144731,UP
510,1553891144733,DOWN
511,1553891144878,UP
512,1553891144880,DOWN
513,1553891144988,UP
514,1553891145267,DOWN
515,1553891145375,UP
516,1553891145394,DOWN
517,1553891145502,UP
518,1553891145514,DOWN
519,1553891145661,UP
520,1553891145664,DOWN
521,1553891145734,UP
522,1553891145783,DOWN
523,1553891145929,UP
524,1553891145979,DOWN
525,1553891146128,UP
526,1553891146345,DOWN
527,1553891146492,UP
528,1553891146537,DOWN
529,1553891146648,DOWN
530,1553891146684,UP
531,1553891146758,UP
532,1553891146833,DOWN
533,1553891146978,UP
534,1553891147098,DOWN
535,1553891147207,UP
536,1553891147209,DOWN
537,1553891147316,UP
538,1553891147319,DOWN
539,1553891147468,DOWN
540,1553891147504,UP
541,1553891147578,DOWN
542,1553891147688,UP
543,1553891147725,DOWN
544,1553891147761,UP
545,1553891147871,UP
546,1553891147973,DOWN
547,1553891148084,UP
548,1553891148174,DOWN
549,1553891148247,DOWN
550,1553891148319,UP
551,1553891148393,UP
552,1553891148420,DOWN
553,1553891148527,UP
554,1553891148651,DOWN
555,1553891148796,UP
556,1553891148854,DOWN
557,1553891149000,UP
558,1553891149096,DOWN
559,1553891149315,UP
560,1553891149317,DOWN
561,1553891149389,UP
562,1553891149391,DOWN
563,1553891149496,UP
564,1553891149643,DOWN
565,1553891149788,DOWN
566,1553891149825,UP
567,1553891149861,UP
568,1553891149933,DOWN
569,1553891150081,UP
570,1553891150859,DOWN
571,1553891150974,UP
572,1553891151030,DOWN
573,1553891151137,UP
574,1553891151238,DOWN
575,1553891151313,DOWN
576,1553891151386,UP
577,1553891151423,DOWN
578,1553891151460,UP
579,1553891151606,UP
580,1553891151713,DOWN
581,1553891151859,UP
582,1553891151881,DOWN
583,1553891151990,UP
584,1553891152046,DOWN
585,1553891152121,UP
586,1553891152124,DOWN
587,1553891152268,UP
588,1553891152315,DOWN
589,1553891152389,UP
590,1553891152473,DOWN
591,1553891152585,UP
592,1553891152587,DOWN
593,1553891152654,UP
594,1553891152876,DOWN
595,1553891152985,DOWN
596,1553891153022,UP
597,1553891153094,UP
598,1553891153223,DOWN
599,1553891153368,DOWN
600,1553891153442,UP
601,1553891153478,DOWN
602,1553891153515,UP
603,1553891153624,UP
604,1553891153714,DOWN
605,1553891153862,UP
606,1553891153864,DOWN
607,1553891153972,UP
608,1553891153988,DOWN
609,1553891154135,UP
610,1553891154460,DOWN
611,1553891154496,DOWN
612,1553891154607,UP
613,1553891154678,UP
614,1553891155626,DOWN
615,1553891155696,UP
616,1553891155919,DOWN
617,1553891156028,UP
618,1553891156279,DOWN
619,1553891156389,UP
620,1553891156549,DOWN
621,1553891156622,UP
622,1553891157147,DOWN
623,1553891157291,UP
624,1553891157907,DOWN
625,1553891157984,UP
626,1553891158182,DOWN
627,1553891158328,DOWN
628,1553891158364,UP
629,1553891158474,UP
630,1553891159031,DOWN
631,1553891159101,UP
632,1553891159678,DOWN
633,1553891159750,UP
634,1553891159862,DOWN
635,1553891160007,UP
636,1553891160594,DOWN
637,1553891160741,UP
638,1553891161421,DOWN
639,1553891161569,UP
640,1553891161572,DOWN
641,1553891161752,UP
642,1553891162302,DOWN
643,1553891162413,UP
644,1553891162503,DOWN
645,1553891162649,UP
646,1553891162710,DOWN
647,1553891162816,UP
648,1553891162884,DOWN
649,1553891162993,UP
650,1553891162996,DOWN
651,1553891163102,UP
652,1553891163105,DOWN
653,1553891163176,UP
654,1553891163239,DOWN
655,1553891163388,DOWN
656,1553891163426,UP
657,1553891163534,UP
658,1553891163688,DOWN
659,1553891163795,DOWN
660,1553891163906,UP
661,1553891163908,UP
662,1553891164046,DOWN
663,1553891164082,UP
664,1553891164170,DOWN
665,1553891164281,DOWN
666,1553891164427,UP
667,1553891164464,UP
668,1553891164537,DOWN
669,1553891164684,UP
670,1553891164825,DOWN
671,1553891164969,UP
672,1553891165042,DOWN
673,1553891165189,UP
674,1553891165488,DOWN
675,1553891165598,UP
676,1553891165664,DOWN
677,1553891165810,UP
678,1553891165847,DOWN
679,1553891165957,DOWN
680,1553891165993,UP
681,1553891166103,UP
682,1553891166554,DOWN
683,1553891166699,DOWN
684,1553891166736,UP
685,1553891166846,DOWN
686,1553891166883,UP
687,1553891166956,DOWN
688,1553891166993,UP
689,1553891167212,UP
690,1553891167463,DOWN
691,1553891167535,UP
692,1553891167616,DOWN
693,1553891167726,UP
694,1553891167729,DOWN
695,1553891167910,UP
696,1553891167937,DOWN
697,1553891168085,UP
698,1553891168139,DOWN
699,1553891168286,UP
700,1553891168289,DOWN
701,1553891168432,UP
702,1553891168821,DOWN
703,1553891168930,UP
704,1553891169069,DOWN
705,1553891169139,UP
706,1553891169146,DOWN
707,1553891169180,UP
708,1553891169720,DOWN
709,1553891169829,UP
710,1553891169974,DOWN
711,1553891170046,UP
712,1553891170099,DOWN
713,1553891170173,UP
714,1553891170231,DOWN
715,1553891170377,UP
716,1553891170726,DOWN
717,1553891170834,UP
718,1553891170903,DOWN
719,1553891171013,UP
720,1553891171266,DOWN
721,1553891171412,UP
722,1553891171576,DOWN
723,1553891171796,UP
724,1553891171800,DOWN
725,1553891171869,UP
726,1553891171911,DOWN
727,1553891172021,UP
728,1553891172024,DOWN
729,1553891172093,UP
730,1553891172169,DOWN
731,1553891172351,UP
732,1553891172849,DOWN
733,1553891172990,UP
734,1553891173339,DOWN
735,1553891173521,DOWN
736,1553891173557,UP
737,1553891173631,UP
738,1553891173787,DOWN
739,1553891173858,UP
740,1553891173943,DOWN
741,1553891174055,DOWN
742,1553891174238,UP
743,1553891174275,UP
744,1553891174588,DOWN
745,1553891174699,UP
746,1553891174858,DOWN
747,1553891175004,UP
748,1553891175063,DOWN
749,1553891175172,UP
750,1553891175377,DOWN
751,1553891175486,DOWN
752,1553891175522,UP
753,1553891175596,UP
754,1553891175658,DOWN
755,1553891175767,UP
756,1553891175867,DOWN
757,1553891175975,UP
758,1553891175979,DOWN
759,1553891176084,UP
760,1553891176147,DOWN
761,1553891176256,UP
762,1553891176892,DOWN
763,1553891176966,UP
764,1553891177163,DOWN
765,1553891177235,UP
766,1553891179585,DOWN
767,1553891179694,UP
768,1553891180338,DOWN
769,1553891180407,UP